Reg1,Reg2,Cat,Slope,p-value,CI,Significant
Power,SBP_Distribution_STD,,0.013871812396747157,0.009298563836143576,[0.0035322  0.02421143],True
Power,SBP_Distribution_STD,Calibration_Technique,[-0.10655119  0.01643807],[0.30048743 0.00552595],"[[-0.31037103  0.09726864]
 [ 0.00499588  0.02788026]]",False
Power,SBP_Distribution_STD,Algorithm,[ 0.05648181 -0.19417407 -0.04304953  0.03386816  0.01002035  0.01323938],[0.47855846 0.34154398 0.74709195 0.78217258 0.97250572 0.02467859],"[[-0.10184987  0.21481348]
 [-0.59905874  0.2107106 ]
 [-0.3086547   0.22255563]
 [-0.20987217  0.27760848]
 [-0.56865985  0.58870055]
 [ 0.00174423  0.02473452]]",False
Power,SBP_Distribution_STD,Dataset,"[-1.06758197 -1.10763485 -0.44532114 -0.48286779 -0.4558477  -0.53947452
 -0.49144609 -0.22146191 -0.62224453  0.02270316]","[9.53442414e-06 2.45670393e-04 2.44604799e-03 8.35231671e-02
 6.37727879e-03 5.34677901e-02 7.69220106e-02 4.23232903e-01
 1.44468254e-03 8.62396194e-05]","[[-1.50845882 -0.62670513]
 [-1.67535354 -0.53991616]
 [-0.7267775  -0.16386479]
 [-1.03173033  0.06599475]
 [-0.77831897 -0.13337643]
 [-1.08727094  0.00832191]
 [-1.03767081  0.05477863]
 [-0.77097456  0.32805074]
 [-0.99472484 -0.24976422]
 [ 0.01193085  0.03347548]]",False
Power,SBP_Distribution_STD,Testing_Subject_Characteristics,[-0.12753762  0.01459081 -0.05950681  0.00944348],[0.15697981 0.87560959 0.66839361 0.12291474],"[[-0.30542731  0.05035207]
 [-0.17082995  0.20001158]
 [-0.33568753  0.21667391]
 [-0.00262322  0.02151018]]",False
Power,SBP_Distribution_STD,Sensor_Data,"[ 0.19927099  0.26355256  0.16231357  0.36071072  0.04937944  0.23188588
  0.38821243  0.20641681  0.29882431  0.75155544  0.75155544 -0.14689569
  0.45499109  0.18370399  0.2027037   0.50890342  0.35654855  0.40858474
  0.27644116  0.4630871   0.0197882 ]","[0.51759587 0.50742286 0.68607103 0.21298916 0.8857177  0.42572702
 0.21155244 0.60449081 0.45701014 0.06447561 0.06447561 0.71131736
 0.25556109 0.57191742 0.61204113 0.14300263 0.27454178 0.30881276
 0.49785596 0.18324486 0.00351387]","[[-0.41536476  0.81390674]
 [-0.52989141  1.05699653]
 [-0.64022316  0.9648503 ]
 [-0.21390492  0.93532636]
 [-0.63774975  0.73650864]
 [-0.34847372  0.81224548]
 [-0.2282414   1.00466625]
 [-0.58958383  1.00241745]
 [-0.50244764  1.10009626]
 [-0.04695154  1.55006241]
 [-0.04695154  1.55006241]
 [-0.94024336  0.64645198]
 [-0.3400301   1.25001227]
 [-0.46528231  0.83269028]
 [-0.59565711  1.00106451]
 [-0.17823586  1.19604269]
 [-0.29204721  1.00514431]
 [-0.39007047  1.20723995]
 [-0.53728877  1.09017108]
 [-0.2264505   1.15262471]
 [ 0.00682989  0.03274651]]",False
Power,DBP_Distribution_STD,,0.020371104407346134,0.04535020597352593,[0.00043427 0.04030794],True
Power,DBP_Distribution_STD,Calibration_Technique,[-0.05860315  0.02297113],[0.57164546 0.04122642],"[[-0.26447091  0.14726461]
 [ 0.00094274  0.04499953]]",False
Power,DBP_Distribution_STD,Algorithm,[ 0.07380973 -0.1721823   0.02883271  0.0493603  -0.00932753  0.01980606],[0.3540941  0.40144216 0.84561564 0.6920335  0.97488985 0.07538095],"[[-0.08424693  0.2318664 ]
 [-0.57966306  0.23529845]
 [-0.26600653  0.32367195]
 [-0.19864644  0.29736704]
 [-0.59946375  0.5808087 ]
 [-0.00208718  0.0416993 ]]",False
Power,DBP_Distribution_STD,Dataset,"[-0.92436792 -0.86552434 -0.37044418 -0.35960568 -0.29116672 -0.33103261
 -0.32958277 -0.0716659  -0.47324973  0.02670672]","[1.48976529e-04 3.98360744e-03 1.48400826e-02 2.14448997e-01
 7.64579884e-02 2.49065363e-01 2.51427934e-01 8.02816052e-01
 1.57774587e-02 7.04538449e-03]","[[-1.37974021 -0.46899563]
 [-1.44299128 -0.28805739]
 [-0.66568226 -0.07520609]
 [-0.93319737  0.21398602]
 [-0.61430028  0.03196684]
 [-0.90026542  0.2382002 ]
 [-0.89918955  0.24002401]
 [-0.64370707  0.50037526]
 [-0.8540808  -0.09241866]
 [ 0.00757777  0.04583567]]",False
Power,DBP_Distribution_STD,Testing_Subject_Characteristics,[-0.15779575 -0.01552124 -0.06836677  0.01573475],[0.04952274 0.86279697 0.64164241 0.12418949],"[[-3.15251922e-01 -3.39576404e-04]
 [-1.94268693e-01  1.63226204e-01]
 [-3.60503123e-01  2.23769575e-01]
 [-4.44422089e-03  3.59137272e-02]]",False
Power,DBP_Distribution_STD,Sensor_Data,"[ 0.22292319  0.15820827  0.0393494   0.36771761  0.07951592  0.25970768
  0.31615314  0.2539192   0.6559406   0.6559406  -0.18947999  0.3831866
  0.21119785  0.22687841  0.54571166  0.23914273  0.29617949  0.20353183
  0.37502024  0.02553724]","[0.47884323 0.69972539 0.92287305 0.2144193  0.82118197 0.38255981
 0.31651419 0.5381043  0.11086661 0.11086661 0.64108622 0.34673113
 0.52473412 0.57969904 0.12576535 0.47326718 0.46643286 0.62617375
 0.28823179 0.04509149]","[[-4.05299258e-01  8.51145641e-01]
 [-6.61963337e-01  9.78379874e-01]
 [-7.73919618e-01  8.52618420e-01]
 [-2.20077539e-01  9.55512752e-01]
 [-6.24270002e-01  7.83301843e-01]
 [-3.33025125e-01  8.52440481e-01]
 [-3.12053445e-01  9.44359721e-01]
 [-5.69681990e-01  1.07752038e+00]
 [-1.56147365e-01  1.46802857e+00]
 [-1.56147365e-01  1.46802857e+00]
 [-1.00186989e+00  6.22909906e-01]
 [-4.27848570e-01  1.19422176e+00]
 [-4.51791472e-01  8.74187181e-01]
 [-5.91525936e-01  1.04528275e+00]
 [-1.58591718e-01  1.25001503e+00]
 [-4.26276484e-01  9.04561953e-01]
 [-5.15290010e-01  1.10764898e+00]
 [-6.31505239e-01  1.03856890e+00]
 [-3.27331855e-01  1.07737234e+00]
 [ 5.82268512e-04  5.04922181e-02]]",False
Power,SBP_Error_STD,,0.0045229610787954075,0.5293287554213857,[-0.00975161  0.01879754],False
Power,SBP_Error_STD,Calibration_Technique,[0.01952226 0.00453358],[0.8418287  0.53132454],"[[-0.17498893  0.21403344]
 [-0.0098471   0.01891425]]",False
Power,SBP_Error_STD,Algorithm,[ 0.09761359 -0.1638262  -0.07613762  0.01114816 -0.23699915  0.00713047],[0.22561621 0.43876758 0.57907076 0.93066833 0.43649297 0.35727249],"[[-0.06179029  0.25701747]
 [-0.58396508  0.25631268]
 [-0.34898508  0.19670984]
 [-0.24388531  0.26618163]
 [-0.841769    0.36777069]
 [-0.00823456  0.0224955 ]]",False
Power,SBP_Error_STD,Dataset,"[-0.90836902 -0.84205603 -0.35284981 -0.23419464 -0.2449193  -0.29432022
 -0.26165427 -0.03596926 -0.45268223  0.01166277]","[4.39832961e-04 8.62907906e-03 2.70826512e-02 4.40651617e-01
 1.54132475e-01 3.33814577e-01 3.90141537e-01 9.05747156e-01
 2.94978477e-02 1.30216003e-01]","[[-1.39640552 -0.42033253]
 [-1.46217633 -0.22193573]
 [-0.66432478 -0.04137485]
 [-0.83782782  0.36943855]
 [-0.58439876  0.09456016]
 [-0.89869916  0.31005873]
 [-0.86642145  0.34311291]
 [-0.64123103  0.56929251]
 [-0.85870186 -0.0466626 ]
 [-0.00354408  0.02686961]]",False
Power,SBP_Error_STD,Testing_Subject_Characteristics,[-0.20030297 -0.023533   -0.11949561 -0.00064983],[0.01512346 0.79729218 0.38701068 0.92864429],"[[-0.36060077 -0.04000517]
 [-0.20576281  0.1586968 ]
 [-0.39351966  0.15452845]
 [-0.01508615  0.01378649]]",False
Power,SBP_Error_STD,Sensor_Data,"[ 2.16207234e-01  2.82725805e-01 -2.32038586e-02  3.24946016e-01
  3.35682754e-02  2.82079266e-01  3.13007066e-01  1.06143715e-01
  1.26853719e-01  6.12036054e-01  6.12096388e-01 -1.41058350e-01
  3.75210562e-01  2.42591900e-01  3.37990342e-01  4.91650331e-01
  3.05525279e-01  2.67526117e-01  4.09411450e-05  3.73198432e-01
  2.15479711e-04]","[0.52800958 0.51626655 0.95739454 0.31212492 0.92880995 0.38412139
 0.35532694 0.80754193 0.77012472 0.16452897 0.16426484 0.7452195
 0.39044615 0.50674139 0.44067603 0.19512644 0.39182021 0.53886422
 0.9999247  0.32392334 0.98092404]","[[-0.46765791  0.90007237]
 [-0.58654628  1.15199789]
 [-0.89195088  0.84554317]
 [-0.31463216  0.96452419]
 [-0.71792578  0.78506233]
 [-0.36361847  0.927777  ]
 [-0.3612997   0.98731383]
 [-0.76513277  0.9774202 ]
 [-0.74107099  0.99477843]
 [-0.2597513   1.4838234 ]
 [-0.25922018  1.48341296]
 [-1.00884654  0.72672984]
 [-0.49528211  1.24570323]
 [-0.48657229  0.97175609]
 [-0.53605522  1.2120359 ]
 [-0.26071487  1.24401554]
 [-0.40537176  1.01642232]
 [-0.60149689  1.13654912]
 [-0.86771439  0.86779627]
 [-0.37967528  1.12607215]
 [-0.01781008  0.01824104]]",False
Power,DBP_Error_STD,,-0.009741716772810575,0.3055610555989292,[-0.02857462  0.00909119],False
Power,DBP_Error_STD,Calibration_Technique,[ 0.01736186 -0.00955895],[0.85719073 0.32090657],"[[-0.17451644  0.20924017]
 [-0.02864179  0.00952388]]",False
Power,DBP_Error_STD,Algorithm,[ 0.09062366 -0.13666751  0.01252298  0.02859783 -0.06136923 -0.00689515],[0.26223678 0.50999184 0.93381424 0.8200152  0.85150218 0.53905075],"[[-0.06948888  0.2507362 ]
 [-0.5489247   0.27558968]
 [-0.28768859  0.31273455]
 [-0.22159067  0.27878632]
 [-0.71394914  0.59121067]
 [-0.02920977  0.01541946]]",False
Power,DBP_Error_STD,Dataset,"[-0.88679883 -0.74557338 -0.35063398 -0.26820876 -0.21941916 -0.32787415
 -0.28597798  0.00344647 -0.40178247  0.00531006]","[0.00142767 0.01657847 0.02805658 0.37644125 0.19811557 0.27991404
 0.34755006 0.99089416 0.04865695 0.61131247]","[[-1.41676372 -0.35683394]
 [-1.35040633 -0.14074043]
 [-0.66216068 -0.03910728]
 [-0.87055051  0.33413299]
 [-0.55679766  0.11795935]
 [-0.92960651  0.27385821]
 [-0.89044049  0.31848453]
 [-0.5984414   0.60533434]
 [-0.80111654 -0.00244839]
 [-0.01549208  0.02611221]]",False
Power,DBP_Error_STD,Testing_Subject_Characteristics,[-0.19416553 -0.02971046 -0.1373686  -0.01233644],[0.01463555 0.74063369 0.30739478 0.18588403],"[[-0.34874092 -0.03959013]
 [-0.20824236  0.14882144]
 [-0.40408312  0.12934593]
 [-0.03076635  0.00609348]]",False
Power,DBP_Error_STD,Sensor_Data,"[ 0.33704434  0.35849301  0.02503668  0.42987221  0.08346179  0.35006574
  0.38156098  0.14161587  0.20677872  0.66815925  0.66714652 -0.08468062
  0.41510507  0.32075205  0.41592008  0.55284699  0.38487559  0.33753257
  0.02314802  0.42921181 -0.01446751]","[0.31505306 0.39401219 0.95209169 0.16468718 0.81745411 0.25780469
 0.24462166 0.73369033 0.62245439 0.11409321 0.11456596 0.83922975
 0.32115847 0.35294497 0.3235332  0.13182406 0.26642656 0.42144133
 0.95557797 0.2391626  0.18351791]","[[-0.33063288  1.00472156]
 [-0.47985112  1.19683715]
 [-0.80883349  0.85890685]
 [-0.18280889  1.04255332]
 [-0.63989214  0.80681572]
 [-0.26472804  0.96485953]
 [-0.26990588  1.03302785]
 [-0.6908059   0.97403764]
 [-0.63250111  1.04605855]
 [-0.16672107  1.50303957]
 [-0.16758664  1.50187969]
 [-0.91973242  0.75037119]
 [-0.4177617   1.24797185]
 [-0.36703212  1.00853623]
 [-0.42273081  1.25457098]
 [-0.17234825  1.27804222]
 [-0.30354661  1.07329779]
 [-0.49971751  1.17478265]
 [-0.80839696  0.85469299]
 [-0.29504034  1.15346397]
 [-0.03602848  0.00709346]]",False
Power,SBP_ED,,0.005633919336980199,0.8386849144840886,[-0.04937917  0.060647  ],False
Power,SBP_ED,Calibration_Technique,[0.01435331 0.00438741],[0.88919204 0.8808746 ],"[[-0.19049303  0.21919965]
 [-0.05382643  0.06260125]]",False
Power,SBP_ED,Algorithm,[ 0.10845301 -0.13923364 -0.08327103  0.02031122 -0.1804145  -0.01330769],[0.19919918 0.50816572 0.54720466 0.87485918 0.54517346 0.66519324],"[[-0.05858391  0.27548993]
 [-0.55732528  0.278858  ]
 [-0.3582173   0.19167523]
 [-0.23636639  0.27698884]
 [-0.77309542  0.41226642]
 [-0.07446982  0.04785443]]",False
Power,SBP_ED,Dataset,"[-0.8259263  -0.72865886 -0.35451461 -0.25334672 -0.20678918 -0.32079617
 -0.29167064  0.00924249 -0.39203325 -0.00405757]","[0.0012126  0.02096127 0.03074284 0.41934146 0.24563852 0.30957952
 0.35553937 0.97610875 0.05863989 0.88388028]","[[-1.31195246 -0.33990015]
 [-1.3432891  -0.11402863]
 [-0.6749955  -0.03403371]
 [-0.87670021  0.37000677]
 [-0.55964363  0.14606527]
 [-0.9470933   0.30550097]
 [-0.91841548  0.3350742 ]
 [-0.60569312  0.62417811]
 [-0.7988552   0.01478869]
 [-0.05940848  0.05129334]]",False
Power,SBP_ED,Testing_Subject_Characteristics,[-0.20284705 -0.02932158 -0.12107224 -0.00604004],[0.01413376 0.7588317  0.37853502 0.83010033],"[[-0.36348883 -0.04220526]
 [-0.21925725  0.1606141 ]
 [-0.39378117  0.15163669]
 [-0.06203194  0.04995186]]",False
Power,SBP_ED,Sensor_Data,"[ 0.27688105  0.32375836  0.05499899  0.3836357   0.03762071  0.33610002
  0.37181803  0.17880855  0.19283663  0.69218344  0.69115992 -0.13196433
  0.44180782  0.3136566   0.38420966  0.53114148  0.36130423  0.33827296
  0.08848539  0.428823    0.02747619]","[0.41850402 0.45637405 0.90067873 0.23287321 0.91967069 0.29750155
 0.27826616 0.6841696  0.65995748 0.12119867 0.12151999 0.75948719
 0.31551818 0.38712929 0.37801455 0.16198277 0.31516669 0.44221305
 0.84191203 0.26076656 0.40581555]","[[-0.40531733  0.95907944]
 [-0.54313922  1.19065595]
 [-0.8263789   0.93637689]
 [-0.25477217  1.02204357]
 [-0.70849383  0.78373525]
 [-0.3055112   0.97771123]
 [-0.30988593  1.05352199]
 [-0.69965245  1.05726956]
 [-0.68294172  1.06861497]
 [-0.18993077  1.57429764]
 [-0.19042972  1.57274955]
 [-0.99369931  0.72977066]
 [-0.43396955  1.3175852 ]
 [-0.40891979  1.036233  ]
 [-0.48397482  1.25239414]
 [-0.22076267  1.28304562]
 [-0.35436868  1.07697714]
 [-0.53947091  1.21601682]
 [-0.79871493  0.9756857 ]
 [-0.32882379  1.18646979]
 [-0.038396    0.09334837]]",False
Power,DBP_ED,,0.026461706949487733,0.39636941889711497,[-0.03542615  0.08834956],False
Power,DBP_ED,Calibration_Technique,[0.00838886 0.02570772],[0.93364115 0.43195076],"[[-0.1920438   0.20882151]
 [-0.03921823  0.09063367]]",False
Power,DBP_ED,Algorithm,[ 0.08476674 -0.14006309  0.01706755  0.03156247 -0.13999608  0.01398186],[0.31404353 0.50334781 0.91037332 0.80503877 0.63616193 0.68400452],"[[-0.08220504  0.25173852]
 [-0.55608159  0.27595541]
 [-0.28486034  0.31899544]
 [-0.22302086  0.2861458 ]
 [-0.72878014  0.44878797]
 [-0.05438363  0.08234734]]",False
Power,DBP_ED,Dataset,"[-0.82135817 -0.73099705 -0.34620072 -0.26352683 -0.22060921 -0.33059229
 -0.31560075  0.00455874 -0.39541486  0.00972416]","[0.00116093 0.01903634 0.03146901 0.38802752 0.2024374  0.2796305
 0.30732265 0.98804796 0.05335972 0.7497036 ]","[[-1.30217245 -0.34054389]
 [-1.337499   -0.12449511]
 [-0.66053441 -0.03186702]
 [-0.87018282  0.34312916]
 [-0.56319733  0.12197891]
 [-0.93707799  0.27589341]
 [-0.92912422  0.29792272]
 [-0.60215828  0.61127575]
 [-0.79674846  0.00591873]
 [-0.05101732  0.07046564]]",False
Power,DBP_ED,Testing_Subject_Characteristics,[-0.17737683 -0.01409283 -0.0972003   0.02284993],[0.02754674 0.87810377 0.51580643 0.46364285],"[[-0.33449103 -0.02026263]
 [-0.19696737  0.16878171]
 [-0.39442549  0.20002489]
 [-0.0390766   0.08477646]]",False
Power,DBP_ED,Sensor_Data,"[ 0.3440872   0.37710552  0.09568971  0.45760394  0.14667375  0.37385019
  0.42784627  0.24285179  0.7310126   0.73040735 -0.04465638  0.47152198
  0.35252028  0.43660377  0.61545773  0.41370673  0.39017711  0.15102769
  0.47311705  0.03801383]","[0.32236658 0.38004564 0.82529737 0.15599968 0.69830883 0.24243211
 0.2146776  0.57992241 0.09647309 0.09662848 0.91697195 0.27387624
 0.32568485 0.31098051 0.11109877 0.24951036 0.37105736 0.73308885
 0.21036596 0.29924013]","[[-0.34803335  1.03620775]
 [-0.47899553  1.23320658]
 [-0.77154966  0.96292909]
 [-0.1809062   1.09611409]
 [-0.60994232  0.90328983]
 [-0.26145026  1.00915065]
 [-0.25645618  1.11214872]
 [-0.6336905   1.11939409]
 [-0.13601588  1.59804108]
 [-0.13631935  1.59713405]
 [-0.90179172  0.81247895]
 [-0.38527753  1.32832149]
 [-0.36149411  1.06653467]
 [-0.42097075  1.2941783 ]
 [-0.14701955  1.37793501]
 [-0.30009576  1.12750923]
 [-0.47894091  1.25929512]
 [-0.7346348   1.03669018]
 [-0.27637239  1.22260648]
 [-0.03484182  0.11086949]]",False
SBP_Distribution_STD,DBP_Distribution_STD,,1.4643760660236596,7.29665254147389e-15,[1.17225059 1.75650155],True
SBP_Distribution_STD,DBP_Distribution_STD,Calibration_Technique,[2.64676044 1.34694811],[7.80135347e-02 3.54404473e-12],"[[-0.30528595  5.59880683]
 [ 1.03107135  1.66282488]]",False
SBP_Distribution_STD,DBP_Distribution_STD,Algorithm,[ 1.50304386  1.92117089 -2.0948999   1.1506038  -2.09207915  1.40082799],"[1.91922820e-01 5.15433042e-01 3.28070094e-01 5.22144985e-01
 6.24547766e-01 1.37679326e-12]","[[ -0.77467558   3.7807633 ]
 [ -3.95094357   7.79328536]
 [ -6.34376258   2.15396279]
 [ -2.42336617   4.72457377]
 [-10.59640097   6.41224268]
 [  1.08532935   1.71632663]]",False
SBP_Distribution_STD,DBP_Distribution_STD,Dataset,"[ 5.92110314 10.12406701  2.72338621  5.03696994  6.94134124  9.1758668
  7.01472291  6.28331464  6.24483472  1.28266397]","[8.24998457e-02 2.05218029e-02 2.15003549e-01 2.37549732e-01
 5.00605226e-03 3.25417673e-02 9.96105650e-02 1.40933129e-01
 2.97728204e-02 1.00363151e-12]","[[-0.78719282 12.62939909]
 [ 1.61713931 18.63099472]
 [-1.62590007  7.0726725 ]
 [-3.41286978 13.48680966]
 [ 2.18111407 11.70156842]
 [ 0.79023982 17.56149378]
 [-1.37641318 15.40585899]
 [-2.14368347 14.71031274]
 [ 0.63463934 11.8550301 ]
 [ 1.00086677  1.56446118]]",False
SBP_Distribution_STD,DBP_Distribution_STD,Testing_Subject_Characteristics,[-5.35419939 -3.36349005 -3.291117    1.32250233],[9.60416250e-07 3.80725743e-03 7.67811979e-02 2.04927509e-15],"[[-7.324418   -3.38398077]
 [-5.60012228 -1.12685781]
 [-6.9465626   0.3643286 ]
 [ 1.07000673  1.57499793]]",False
SBP_Distribution_STD,DBP_Distribution_STD,Sensor_Data,"[ 1.24467869 -6.51041953 -5.62544501 -0.74766634  1.95892962  1.17975541
 -3.61779161  3.7932474  -4.42499902 -4.42499902 -2.61220349 -3.56083317
  1.07211233  0.15594981  2.36875123 -6.56932693 -5.41398745 -1.75407273
 -4.43836307  1.53273868]","[7.57034594e-01 2.18664398e-01 2.82831195e-01 8.42511881e-01
 6.63986295e-01 7.55955668e-01 3.70332520e-01 4.73026069e-01
 3.96433856e-01 3.96433856e-01 6.15895460e-01 4.93844341e-01
 8.00613564e-01 9.76250283e-01 5.99813270e-01 1.27702977e-01
 3.00040700e-01 7.42920297e-01 3.26019588e-01 1.00851494e-12]","[[ -6.80183705   9.29119443]
 [-17.01549417   3.99465512]
 [-16.04210867   4.79121865]
 [ -8.27637355   6.78104087]
 [ -7.05543226  10.9732915 ]
 [ -6.41219523   8.77170604]
 [-11.66410412   4.4285209 ]
 [ -6.75575464  14.34224944]
 [-14.82653532   5.97653728]
 [-14.82653532   5.97653728]
 [-13.01760703   7.79320005]
 [-13.94888477   6.82721843]
 [ -7.41971099   9.56393565]
 [-10.32648908  10.6383887 ]
 [ -6.65223838  11.38974083]
 [-15.09227325   1.95361939]
 [-15.80760214   4.97962723]
 [-12.44954997   8.94140451]
 [-13.43435996   4.55763383]
 [  1.21310572   1.85237163]]",False
SBP_Distribution_STD,SBP_Error_STD,,0.46264589887753543,0.0028644523658418203,[0.16427219 0.76101961],True
SBP_Distribution_STD,SBP_Error_STD,Calibration_Technique,[7.68860394 0.4668264 ],[6.71015096e-05 8.53249608e-04],"[[ 4.0795649  11.29764299]
 [ 0.2000015   0.7336513 ]]",True
SBP_Distribution_STD,SBP_Error_STD,Algorithm,"[  3.10085652   1.98859851  -2.47059074  -1.90098162 -19.47876245
   0.61139889]","[4.12852121e-02 6.13989834e-01 3.35884966e-01 4.27707550e-01
 1.00735529e-03 6.91438175e-05]","[[  0.1264906    6.07522244]
 [ -5.85090178   9.82809879]
 [ -7.56173524   2.62055377]
 [ -6.6597294    2.85776615]
 [-30.76334859  -8.19417631]
 [  0.32469808   0.8980997 ]]",False
SBP_Distribution_STD,SBP_Error_STD,Dataset,"[ 8.88895642 14.28989736  3.96083808 10.33265892 10.03465271  9.98098353
  9.21865267  9.17191065  8.83824456  0.24428028]","[0.09095664 0.03371525 0.23501706 0.11164044 0.00710911 0.1245497
 0.15565991 0.15806538 0.04443418 0.13495514]","[[-1.46145018 19.23936302]
 [ 1.13822272 27.441572  ]
 [-2.64500497 10.56668113]
 [-2.46935262 23.13467047]
 [ 2.83488292 17.2344225 ]
 [-2.83684432 22.79881138]
 [-3.60740896 22.0447143 ]
 [-3.66464046 22.00846175]
 [ 0.22727335 17.44921577]
 [-0.07823046  0.56679103]]",False
SBP_Distribution_STD,SBP_Error_STD,Testing_Subject_Characteristics,[-6.68840598 -4.03224724 -5.24566041  0.32067443],[5.89753451e-05 2.59484974e-02 5.28920095e-02 2.53984059e-02],"[[ -9.79644225  -3.58036972]
 [ -7.56552625  -0.49896823]
 [-10.55875087   0.06743006]
 [  0.04076661   0.60058225]]",False
SBP_Distribution_STD,SBP_Error_STD,Sensor_Data,"[ -1.38808153   0.05285155 -10.11664218  -3.96187639  -0.77013082
   0.33154782  -4.75899288  -6.46212842  -9.00192334  -8.54324076
  -8.45031443   0.14733532  -5.2615891   -0.09239665   4.97177875
  -1.51707826  -3.61419861  -7.9662061  -13.90694285  -5.35432385
   0.33187973]","[0.83729435 0.99509095 0.24201744 0.53160076 0.9174086  0.95856059
 0.47628499 0.45425532 0.29668401 0.32383384 0.32881285 0.98629215
 0.54155535 0.98976903 0.56554713 0.83834898 0.60741925 0.35575467
 0.10959414 0.47292059 0.06718084]","[[-1.49051875e+01  1.21290244e+01]
 [-1.71289614e+01  1.72346645e+01]
 [-2.72880769e+01  7.05479252e+00]
 [-1.66036173e+01  8.67986456e+00]
 [-1.56239729e+01  1.40837113e+01]
 [-1.24311508e+01  1.30942464e+01]
 [-1.80871703e+01  8.56918458e+00]
 [-2.36835598e+01  1.07593030e+01]
 [-2.61571044e+01  8.15325769e+00]
 [-2.57747698e+01  8.68828825e+00]
 [-2.56725381e+01  8.77190923e+00]
 [-1.70051472e+01  1.72998179e+01]
 [-2.24675278e+01  1.19443496e+01]
 [-1.45048722e+01  1.43200789e+01]
 [-1.23043855e+01  2.22479430e+01]
 [-1.63881392e+01  1.33539827e+01]
 [-1.76656102e+01  1.04372130e+01]
 [-2.51430957e+01  9.21068348e+00]
 [-3.10587760e+01  3.24489027e+00]
 [-2.02354359e+01  9.52678821e+00]
 [-2.44089430e-02  6.88168410e-01]]",False
SBP_Distribution_STD,DBP_Error_STD,,0.20196457053310574,0.3506071392226304,[-0.22690119  0.63083034],False
SBP_Distribution_STD,DBP_Error_STD,Calibration_Technique,[8.01993457 0.28638806],[1.13658062e-04 1.45273432e-01],"[[ 4.11902982 11.92083931]
 [-0.10156778  0.6743439 ]]",False
SBP_Distribution_STD,DBP_Error_STD,Algorithm,"[  3.82668236   4.76801297  -2.00495976  -0.2901112  -21.09519824
   0.61588865]",[0.02203734 0.26007217 0.5140392  0.9096398  0.00232144 0.00863335],"[[  0.56991563   7.08344909]
 [ -3.61749821  13.15352415]
 [ -8.11140876   4.10148923]
 [ -5.37906651   4.7988441 ]
 [-34.36899004  -7.82140645]
 [  0.1619986    1.06977869]]",False
SBP_Distribution_STD,DBP_Error_STD,Dataset,"[1.04956085e+01 1.66151228e+01 3.87996409e+00 9.75868302e+00
 1.06985578e+01 9.24288527e+00 8.42336158e+00 1.00737653e+01
 1.00667286e+01 8.40370076e-03]","[0.07462054 0.01457547 0.25825765 0.14291088 0.00516191 0.16443716
 0.20652962 0.13039544 0.02441291 0.97058553]","[[-1.07665937 22.06787634]
 [ 3.4080424  29.82220326]
 [-2.92250619 10.68243437]
 [-3.39399973 22.91136576]
 [ 3.33158977 18.06552588]
 [-3.8964909  22.38226144]
 [-4.77562991 21.62235306]
 [-3.06900647 23.2165371 ]
 [ 1.34690397 18.7865532 ]
 [-0.4458302   0.46263761]]",False
SBP_Distribution_STD,DBP_Error_STD,Testing_Subject_Characteristics,[-7.44455022 -3.98596608 -5.99671267  0.1001934 ],[1.75430167e-05 3.51416885e-02 3.39174079e-02 6.02011254e-01],"[[-10.64763859  -4.24146185]
 [ -7.68547763  -0.28645452]
 [-11.52353156  -0.46989378]
 [ -0.28170857   0.48209537]]",False
SBP_Distribution_STD,DBP_Error_STD,Sensor_Data,"[  0.1308291    0.49543766  -9.67053876  -2.11931193  -1.13510871
   2.16481894  -4.22394211  -5.25186897  -9.2152026   -7.37007657
  -7.36327727  -0.07784721  -4.2523035    2.56907186   6.38519532
  -1.25795843  -3.07141285  -7.5662382  -14.12541273  -4.88740776
   0.09713296]","[0.98547847 0.95622352 0.28434122 0.74811284 0.88412201 0.74375078
 0.5477776  0.55856969 0.31045207 0.41389921 0.41424533 0.99309087
 0.63572836 0.72878725 0.48060561 0.87201042 0.67884445 0.4029971
 0.11937789 0.5316353  0.67589525]","[[-14.25283308  14.51449127]
 [-17.56487416  18.55574948]
 [-27.63446879   8.29339126]
 [-15.3182018   11.07957794]
 [-16.71820523  14.44798781]
 [-11.07958399  15.40922188]
 [-18.25838728   9.81050306]
 [-23.18459641  12.68085846]
 [-27.29567204   8.86526684]
 [-25.35576805  10.61561491]
 [-25.34579868  10.61924415]
 [-18.0672329   17.91153848]
 [-22.19461748  13.69001048]
 [-12.24775128  17.385895  ]
 [-11.68172502  24.45211566]
 [-16.88072191  14.36480506]
 [-17.90198086  11.75915515]
 [-25.60298109  10.47050469]
 [-32.03925149   3.78842603]
 [-20.4898547   10.71503917]
 [ -0.36735153   0.56161745]]",False
SBP_Distribution_STD,SBP_ED,,1.7696008333548248,0.003014196038057169,[0.6219152  2.91728647],True
SBP_Distribution_STD,SBP_ED,Calibration_Technique,[6.33042349 1.21983775],[0.00229678 0.03519709],"[[ 2.34478638 10.31606059]
 [ 0.08718761  2.3524879 ]]",True
SBP_Distribution_STD,SBP_ED,Algorithm,"[  2.11157801   5.05862879  -2.2724312    0.55686967 -10.17765439
   1.34762773]",[0.21848195 0.2386363  0.41947021 0.83176506 0.09626381 0.03406414],"[[ -1.28321263   5.50636866]
 [ -3.43849619  13.55575376]
 [ -7.86032757   3.31546518]
 [ -4.65974208   5.77348143]
 [-22.22306106   1.86775229]
 [  0.10459347   2.590662  ]]",False
SBP_Distribution_STD,SBP_ED,Dataset,"[10.12713082 16.18986985  2.65670579  6.86617745  8.47738376  5.88807371
  4.98489883  9.38088983  9.5665864   1.52797619]","[0.04089799 0.01051805 0.40895201 0.27361819 0.01907458 0.34942981
 0.42810326 0.13124825 0.02164561 0.00749373]","[[ 0.43321788 19.82104376]
 [ 3.93091643 28.44882328]
 [-3.73536562  9.0487772 ]
 [-5.56676344 19.29911834]
 [ 1.43961372 15.51515379]
 [-6.60357894 18.37972637]
 [-7.51568344 17.4854811 ]
 [-2.88415446 21.64593413]
 [ 1.45242121 17.68075159]
 [ 0.42398845  2.63196394]]",False
SBP_Distribution_STD,SBP_ED,Testing_Subject_Characteristics,[-6.6355116  -2.81945366 -5.43832169  1.26785129],[6.73099489e-05 1.30639983e-01 4.37374690e-02 2.26265610e-02],"[[ -9.74629919  -3.52472402]
 [ -6.49750995   0.85860263]
 [-10.71926112  -0.15738225]
 [  0.18358233   2.35212025]]",False
SBP_Distribution_STD,SBP_ED,Sensor_Data,"[ 4.34840494  3.33376405 -4.8632083   1.57102021 -0.56488762  5.64509227
 -0.40933138 -0.87830405 -4.88213108 -2.43004316 -2.48914251  0.81937727
 -0.19226033  7.06443465  9.49647394  1.40526078  0.63726844 -3.04746063
 -8.86074046 -1.33463234  1.58651031]","[0.51210346 0.692043   0.57016397 0.79981997 0.9377957  0.36649677
 0.95064721 0.91791791 0.56620881 0.77652794 0.77111509 0.92192502
 0.98194589 0.31611256 0.26266778 0.84726117 0.92686966 0.72060616
 0.30591247 0.85593531 0.01606326]","[[ -8.88902616  17.58583605]
 [-13.48758493  20.15511304]
 [-21.96553435  12.23911774]
 [-10.81669634  13.95873677]
 [-15.04255284  13.9127776 ]
 [ -6.80478228  18.09496682]
 [-13.63716867  12.81850591]
 [-17.92403058  16.16742247]
 [-21.87580299  12.11154084]
 [-19.54665655  14.68657023]
 [-19.59557718  14.61729216]
 [-15.90179614  17.54055068]
 [-17.18591349  16.80139284]
 [ -6.95649457  21.08536386]
 [ -7.34984603  26.34279391]
 [-13.18474636  15.99526791]
 [-13.24970502  14.52424191]
 [-20.07927169  13.98435042]
 [-26.0760452    8.35456429]
 [-16.03607028  13.36680561]
 [  0.30832125   2.86469938]]",False
SBP_Distribution_STD,DBP_ED,,1.7937299135929183,0.009082010419259533,[0.46154545 3.12591438],True
SBP_Distribution_STD,DBP_ED,Calibration_Technique,[6.85764467 1.17736902],[0.00097997 0.07180875],"[[ 2.89141993 10.82386941]
 [-0.10740625  2.46214429]]",False
SBP_Distribution_STD,DBP_ED,Algorithm,"[  2.0797191    4.14985353  -2.92290019   0.02119895 -10.90639598
   1.2800382 ]",[0.23438696 0.33992155 0.35425954 0.9936199  0.07904828 0.07594701],"[[ -1.38288923   5.54232744]
 [ -4.47740741  12.77711448]
 [ -9.18418594   3.33838555]
 [ -5.25827021   5.3006681 ]
 [-23.11641482   1.30362286]
 [ -0.1377038    2.6977802 ]]",False
SBP_Distribution_STD,DBP_ED,Dataset,"[11.5442319  16.45188513  3.57020657  9.36361058  9.40990074  9.09268034
  5.95384368  9.61463471  9.74779921  1.60059488]","[0.02263115 0.01047278 0.27231223 0.1375011  0.00959225 0.14891373
 0.34759273 0.12750125 0.02117363 0.01275267]","[[ 1.67873289 21.40973091]
 [ 4.00748693 28.89628333]
 [-2.87939127 10.01980441]
 [-3.08394837 21.81116953]
 [ 2.38056961 16.43923186]
 [-3.3513845  21.53674518]
 [-6.63462436 18.54231172]
 [-2.8341763  22.06344571]
 [ 1.51311    17.98248841]
 [ 0.35428208  2.84690768]]",False
SBP_Distribution_STD,DBP_ED,Testing_Subject_Characteristics,[-7.09507769 -3.38574356 -5.54067551  1.57577361],[1.70229598e-05 6.07659418e-02 5.90621038e-02 1.08806926e-02],"[[-10.13937781  -4.05077758]
 [ -6.92918509   0.15769796]
 [-11.29981554   0.21846452]
 [  0.37586332   2.77568389]]",False
SBP_Distribution_STD,DBP_ED,Sensor_Data,"[ 5.76849059  4.58850565 -4.81883035  2.38138621  3.52944347  6.06688302
  0.60242864  0.1761703  -2.48495222 -2.50811597  3.98564163 -0.33562755
  7.2082803  10.62615741  3.87170235  1.57030944 -2.42750291 -8.18996388
 -0.71183402  1.45484139]","[0.41993941 0.60325634 0.5900641  0.71741182 0.65091586 0.35594998
 0.93187481 0.98442861 0.78085734 0.7787942  0.65194923 0.96965646
 0.32938751 0.23245155 0.62239856 0.83087607 0.78629682 0.37124898
 0.92651917 0.05721942]","[[ -8.4937549   20.03073607]
 [-13.0528191   22.2298304 ]
 [-22.68967796  13.05201725]
 [-10.77613162  15.53890404]
 [-12.06183495  19.12072188]
 [ -7.02449407  19.15826012]
 [-13.49871241  14.70356969]
 [-17.8863788   18.2387194 ]
 [-20.35145405  15.3815496 ]
 [-20.3683991   15.35216716]
 [-13.67699621  21.64827947]
 [-17.99134516  17.32009006]
 [ -7.50512267  21.92168327]
 [ -7.04553064  28.29784546]
 [-11.84035559  19.5837603 ]
 [-13.13872711  16.279346  ]
 [-20.33706288  15.48205707]
 [-26.44044915  10.0605214 ]
 [-16.15625676  14.73258872]
 [ -0.04646539   2.95614817]]",False
DBP_Distribution_STD,SBP_Error_STD,,0.10854758889574496,0.20372558562736207,[-0.06027488  0.27737005],False
DBP_Distribution_STD,SBP_Error_STD,Calibration_Technique,[3.88335567 0.11018513],[0.00039321 0.1588174 ],"[[ 1.80884231  5.95786903]
 [-0.04419273  0.26456298]]",False
DBP_Distribution_STD,SBP_Error_STD,Algorithm,[ 1.03953912  0.95650354 -0.32535288 -1.67268885 -9.74982046  0.1895607 ],[0.24208289 0.68010679 0.8454282  0.23767479 0.00471896 0.03027427],"[[ -0.72017479   2.79925302]
 [ -3.66005787   5.57306496]
 [ -3.64827897   2.99757321]
 [ -4.47745657   1.13207887]
 [-16.39623383  -3.10340708]
 [  0.01867881   0.36044259]]",False
DBP_Distribution_STD,SBP_Error_STD,Dataset,"[3.54388484 4.94721063 1.01583515 3.72179228 2.8993875  0.09186827
 1.12625686 2.90868964 2.91983629 0.01380273]","[0.27175591 0.22781833 0.62043957 0.34976927 0.196878   0.98153824
 0.77686755 0.46548256 0.27630346 0.89138033]","[[-2.85065862  9.9384283 ]
 [-3.17880364 13.07322491]
 [-3.06931577  5.10098607]
 [-4.18324644 11.626831  ]
 [-1.54698869  7.3457637 ]
 [-7.82316884  8.00690538]
 [-6.79398519  9.04649891]
 [-5.01818314 10.83556243]
 [-2.3993868   8.23905938]
 [-0.18769628  0.21530173]]",False
DBP_Distribution_STD,SBP_Error_STD,Testing_Subject_Characteristics,[-1.44094267 -0.50776101 -0.94152075  0.07341884],[0.14931263 0.64838535 0.60654426 0.4108996 ],"[[-3.41346319  0.53157786]
 [-2.72225102  1.70672899]
 [-4.5764669   2.6934254 ]
 [-0.10381358  0.25065126]]",False
DBP_Distribution_STD,SBP_Error_STD,Sensor_Data,"[-0.70583222  4.69513237 -2.59582424 -1.036091   -1.79353932  0.44088378
 -0.31235116 -6.0619315  -2.01380203 -1.99370213  1.86697872 -0.55504395
  0.62381254  3.98292692 -2.24428862  2.39503916 -1.28735985 -7.95636078
 -0.23154524  0.07178538]","[0.85012729 0.32515434 0.58487377 0.76700688 0.66241074 0.90050989
 0.9324049  0.20653841 0.67259723 0.67550674 0.69385007 0.90705807
 0.87553687 0.40578192 0.58550417 0.5381118  0.78626786 0.09804871
 0.95508979 0.4676267 ]","[[ -8.17925557   6.76759113]
 [ -4.80412203  14.19438677]
 [-12.08932758   6.8976791 ]
 [ -8.03024176   5.95805976]
 [-10.00570256   6.41862392]
 [ -6.61546114   7.49722871]
 [ -7.68108284   7.05638053]
 [-15.58314018   3.45927718]
 [-11.54060621   7.51300215]
 [-11.51534984   7.52794558]
 [ -7.61602235  11.3499798 ]
 [-10.06766746   8.95757956]
 [ -7.34485064   8.59247572]
 [ -5.56861139  13.53446523]
 [-10.46599362   5.97741638]
 [ -5.37354893  10.16362725]
 [-10.78388598   8.20916628]
 [-17.43900197   1.52628042]
 [ -8.45881999   7.99572952]
 [ -0.12542229   0.26899306]]",False
DBP_Distribution_STD,DBP_Error_STD,,0.08216097243230094,0.4730222027316232,[-0.14513221  0.30945416],False
DBP_Distribution_STD,DBP_Error_STD,Calibration_Technique,[4.00949772 0.12481811],[0.00030017 0.23559732],"[[ 1.91363981  6.10535563]
 [-0.08340953  0.33304575]]",False
DBP_Distribution_STD,DBP_Error_STD,Algorithm,"[  1.36225679   1.83522294  -0.24586681  -1.18728246 -11.81454709
   0.30235258]",[0.12776748 0.42048784 0.88194928 0.3912523  0.00162187 0.01632032],"[[ -0.40202418   3.12653777]
 [ -2.68944997   6.35989585]
 [ -3.54277173   3.05103812]
 [ -3.93673673   1.56217182]
 [-18.9753437   -4.65375049]
 [  0.05758714   0.54711801]]",False
DBP_Distribution_STD,DBP_Error_STD,Dataset,"[ 3.66825485e+00  5.08744665e+00  1.01152133e+00  3.69338759e+00
  2.94067562e+00  4.91363323e-02  1.07300702e+00  2.96186627e+00
  2.99397262e+00 -2.51553688e-03]","[0.29521479 0.2043277  0.62227548 0.35320163 0.18862626 0.99009769
 0.78738255 0.45561511 0.25719272 0.98534874]","[[-3.28472627 10.62123597]
 [-2.84653287 13.02142617]
 [-3.07779297  5.10083563]
 [-4.20785782 11.594633  ]
 [-1.48491706  7.36626829]
 [-7.84410173  7.9423744 ]
 [-6.85610494  9.00211899]
 [-4.93341513 10.85714767]
 [-2.24433098  8.23227623]
 [-0.27562137  0.2705903 ]]",False
DBP_Distribution_STD,DBP_Error_STD,Testing_Subject_Characteristics,[-1.59245002 -0.47766886 -0.97514436  0.0618227 ],[0.10345046 0.66929894 0.59587814 0.59323268],"[[-3.51841282  0.33351278]
 [-2.70208712  1.74674941]
 [-4.63088076  2.68059204]
 [-0.16828427  0.29192967]]",False
DBP_Distribution_STD,DBP_Error_STD,Sensor_Data,"[-0.41131282  4.76943829 -2.51294334 -0.69282577 -1.8867135   0.81845891
 -0.21598062 -5.80999895 -1.77576186 -1.77400246  1.80222739 -0.34787425
  1.17779106  4.26678796 -2.20556426  2.4900196  -1.22064486 -8.01021495
 -0.14636509  0.02513435]","[0.91444188 0.32360883 0.5997009  0.84368196 0.64953147 0.81644211
 0.95389054 0.22711768 0.71086429 0.71108893 0.70681664 0.94192788
 0.76529995 0.37689122 0.59635555 0.52901686 0.79934774 0.09783215
 0.97188279 0.83892146]","[[ -8.07171169   7.24908606]
 [ -4.84905738  14.38793397]
 [-12.08010835   7.05422166]
 [ -7.72224289   6.33659135]
 [-10.18590279   6.4124758 ]
 [ -6.23519739   7.87211522]
 [ -7.69039477   7.25843352]
 [-15.36054619   3.7405483 ]
 [-11.35451651   7.80299278]
 [-11.3510688    7.80306388]
 [ -7.7784947   11.38294948]
 [ -9.90352707   9.20777856]
 [ -6.71329912   9.06888125]
 [ -5.35522725  13.88880318]
 [-10.52587924   6.11475073]
 [ -5.40839077  10.38842997]
 [-10.82658828   8.38529855]
 [-17.55070254   1.53027263]
 [ -8.45585995   8.16312978]
 [ -0.22223913   0.27250782]]",False
DBP_Distribution_STD,SBP_ED,,0.8351942983170981,0.00924423723537622,[0.21338283 1.45700576],True
DBP_Distribution_STD,SBP_ED,Calibration_Technique,[3.2773866  0.54086278],[0.00363938 0.08544855],"[[ 1.1080516   5.44672159]
 [-0.07761925  1.15934481]]",False
DBP_Distribution_STD,SBP_ED,Algorithm,[ 0.55693966  1.97297245 -0.48548611 -0.78666475 -6.51017702  0.62564598],[0.55024158 0.39701723 0.77326665 0.58221372 0.05155421 0.06986958],"[[ -1.2969028    2.41078212]
 [ -2.6523242    6.5982691 ]
 [ -3.84012852   2.8691563 ]
 [ -3.63067516   2.05734566]
 [-13.06564983   0.04529578]
 [ -0.05237409   1.30366605]]",False
DBP_Distribution_STD,SBP_ED,Dataset,"[ 3.37121431  4.8186118   0.28554426  2.00376559  1.64151546 -1.89644588
 -0.9031312   2.55403042  2.69186344  0.8872877 ]","[0.25696057 0.20079747 0.88384456 0.59776422 0.44578349 0.61914867
 0.81285921 0.49571061 0.27928076 0.01089232]","[[-2.52420721  9.26663584]
 [-2.6367378  12.2739614 ]
 [-3.61073927  4.18182779]
 [-5.55851792  9.5660491 ]
 [-2.63972774  5.92275865]
 [-9.49481051  5.70191875]
 [-8.50698334  6.70072094]
 [-4.90506294 10.01312378]
 [-2.24284709  7.62657396]
 [ 0.21231449  1.56226091]]",False
DBP_Distribution_STD,SBP_ED,Testing_Subject_Characteristics,[-1.1049084   0.26432432 -0.71381687  0.80545571],[0.24637202 0.81260716 0.68385835 0.01704501],"[[-2.99192767  0.78211086]
 [-1.95448631  2.48313495]
 [-4.20066874  2.77303501]
 [ 0.14867997  1.46223145]]",False
DBP_Distribution_STD,SBP_ED,Sensor_Data,"[ 1.59163181  6.12660546 -0.07178251  1.13898575 -1.67642704  2.5285165
  1.66728611 -3.57316174  0.72192834  0.69086625  2.17298004  1.71605792
  3.40418313  5.76468342 -0.91465516  4.29836244  1.02997836 -5.28461899
  1.62157273  0.8338556 ]","[0.65500455 0.17957109 0.98754219 0.73249749 0.66687632 0.45129095
 0.63953255 0.43697152 0.87533821 0.88058842 0.62913169 0.70735868
 0.36851151 0.20683405 0.81561892 0.25284684 0.8220432  0.25678349
 0.68181298 0.01907562]","[[ -5.5287939    8.71205751]
 [ -2.92016077  15.17337169]
 [ -9.27120772   9.12764269]
 [ -5.52492744   7.80289895]
 [ -9.46222504   6.10937096]
 [ -4.16811781   9.2251508 ]
 [ -5.44792751   8.78249973]
 [-12.74183765   5.59551416]
 [ -8.48525871   9.9291154 ]
 [ -8.51079104   9.89252355]
 [ -6.81935304  11.16531311]
 [ -7.42432674  10.85644259]
 [ -4.13804841  10.94641466]
 [ -3.29565096  14.8250178 ]
 [ -8.76149682   6.9321865 ]
 [ -3.17109449  11.76781938]
 [ -8.13113741  10.19109413]
 [-14.54542007   3.97618208]
 [ -6.28581274   9.5289582 ]
 [  0.14289147   1.52481972]]",False
DBP_Distribution_STD,DBP_ED,,1.1404552257769587,0.0015429410101626627,[0.4512788  1.82963165],True
DBP_Distribution_STD,DBP_ED,Calibration_Technique,[3.13981823 0.85825029],[0.00385662 0.01387149],"[[1.04759371 5.23204276]
 [0.18051806 1.53598252]]",True
DBP_Distribution_STD,DBP_ED,Algorithm,[ 0.40555203  1.58964841 -0.59095224 -0.80225043 -6.27903416  0.92275182],[0.65666355 0.48487124 0.72010742 0.56433894 0.05440279 0.01581737],"[[ -1.40981845   2.22092251]
 [ -2.93343746   6.11273428]
 [ -3.87360861   2.69170413]
 [ -3.57016164   1.96566079]
 [-12.68048232   0.122414  ]
 [  0.17946043   1.66604321]]",False
DBP_Distribution_STD,DBP_ED,Dataset,"[ 4.3403678   4.94193126  0.68068015  3.39172653  1.98389111 -0.0581267
 -0.71538026  2.61844061  2.74617799  1.17477221]","[0.13623265 0.17787456 0.71828802 0.35321273 0.33638775 0.9872539
 0.84591935 0.47291614 0.25675201 0.00200887]","[[-1.41054056 10.09127615]
 [-2.3122982  12.19616072]
 [-3.07899243  4.44035273]
 [-3.86434543 10.64779849]
 [-2.11372615  6.08150838]
 [-7.31216184  7.19590844]
 [-8.05359255  6.62283202]
 [-4.63836121  9.87524244]
 [-2.05408025  7.54643623]
 [ 0.44825744  1.90128697]]",False
DBP_Distribution_STD,DBP_ED,Testing_Subject_Characteristics,[-1.3283428  -0.03477202 -1.67905892  1.14803591],[0.1424669  0.97345922 0.32480349 0.00181677],"[[-3.11558206  0.45889647]
 [-2.11504584  2.0455018 ]
 [-5.06011887  1.70200102]
 [ 0.44359592  1.85247591]]",False
DBP_Distribution_STD,DBP_ED,Sensor_Data,"[ 3.08646467  7.34140888  0.6527422   2.15278383  1.14549953  3.28495344
  2.87538344 -2.21483034  1.39177382  1.37601457  4.4074945   2.20622079
  4.1186399   6.93505906  1.11236948  5.42534806  2.07889311 -4.03760226
  2.53745118  0.9897888 ]","[0.4048576  0.11271089 0.88779046 0.52818499 0.77661777 0.33474155
 0.43233472 0.63609113 0.76355689 0.76607426 0.33739409 0.62968508
 0.28247086 0.13414342 0.7845351  0.15858359 0.65416799 0.39454431
 0.52648096 0.01371742]","[[ -4.30058788  10.47351721]
 [ -1.79581942  16.47863717]
 [ -8.60336621   9.90885061]
 [ -4.66208104   8.96764869]
 [ -6.9299184    9.22091747]
 [ -3.49565419  10.06556107]
 [ -4.42822594  10.17899283]
 [-11.57022949   7.14056882]
 [ -7.86208371  10.64563136]
 [ -7.87462203  10.62665116]
 [ -4.74077279  13.55576179]
 [ -6.93846221  11.35090378]
 [ -3.50208721  11.73936702]
 [ -2.21789573  16.08801386]
 [ -7.02560555   9.25034452]
 [ -2.1931175   13.04381361]
 [ -7.19726616  11.35505238]
 [-13.49034193   5.41513741]
 [ -5.46190365  10.53680602]
 [  0.21219511   1.76738249]]",False
SBP_Error_STD,DBP_Error_STD,,0.883382065450746,8.205428709713657e-10,[0.63672734 1.13003679],True
SBP_Error_STD,DBP_Error_STD,Calibration_Technique,[0.79891097 0.89179197],[5.26645551e-01 8.97014333e-10],"[[-1.70706281  3.30488476]
 [ 0.6425659   1.14101803]]",False
SBP_Error_STD,DBP_Error_STD,Algorithm,[ 1.10260616  4.51723578 -0.24620703  2.62741364 -1.57987268  0.9303264 ],"[2.82594704e-01 8.95671430e-02 8.97707795e-01 1.03391861e-01
 7.04461593e-01 1.22352994e-08]","[[-0.93081479  3.13602711]
 [-0.71840912  9.75288068]
 [-4.05887842  3.56646436]
 [-0.54996724  5.80479452]
 [-9.86760361  6.70785824]
 [ 0.64693198  1.21372083]]",False
SBP_Error_STD,DBP_Error_STD,Dataset,"[-3.17825542  6.94762932 -1.16685229 -3.51926868  1.62137912 -2.72333001
 -0.84123668  3.04753186  3.6573964   0.90292229]","[3.53890336e-01 7.86653666e-02 5.61689002e-01 3.66333411e-01
 4.56935370e-01 4.83458591e-01 8.29065137e-01 4.33303658e-01
 1.58869097e-01 7.29213232e-09]","[[ -9.98571175   3.62920091]
 [ -0.82151536  14.716774  ]
 [ -5.16844644   2.83474186]
 [-11.2564136    4.21787624]
 [ -2.71228425   5.95504249]
 [-10.45264726   5.00598723]
 [ -8.60562299   6.92314963]
 [ -4.68378288  10.77884659]
 [ -1.47209299   8.7868858 ]
 [  0.63571645   1.17012812]]",False
SBP_Error_STD,DBP_Error_STD,Testing_Subject_Characteristics,[-2.05237502  0.41649294 -1.47441873  0.85526455],[4.85477539e-02 7.25005203e-01 4.05564611e-01 1.65826806e-09],"[[-4.0912623  -0.01348774]
 [-1.93838653  2.77137241]
 [-4.99244865  2.04361118]
 [ 0.61216945  1.09835964]]",False
SBP_Error_STD,DBP_Error_STD,Sensor_Data,"[-0.16627406 -1.6534556  -0.55343045  2.04663617 -3.08358638  2.88051884
 -1.08701289  2.27400714 -3.81106115  1.34403939  1.12477882 -2.91537711
  1.48827123  4.99466127  1.21115716 -1.63436603 -1.49076269 -1.55498975
 -1.57832992 -0.79778556  0.8677062 ]","[9.67431207e-01 7.46553041e-01 9.13353908e-01 5.84508691e-01
 4.85735367e-01 4.43810043e-01 7.84498459e-01 6.54575942e-01
 4.57903101e-01 7.91897098e-01 8.25194760e-01 5.67721512e-01
 7.69642162e-01 2.37311715e-01 8.12881663e-01 7.11951372e-01
 7.22736510e-01 7.60855232e-01 7.55771044e-01 8.56704137e-01
 2.94312878e-08]","[[ -8.3152011    7.98265297]
 [-11.88535353   8.57844232]
 [-10.73072419   9.62386329]
 [ -5.43106938   9.52434172]
 [-11.91204154   5.74486878]
 [ -4.6229717   10.38400939]
 [ -9.03809435   6.86406857]
 [ -7.88560908  12.43362335]
 [-14.05437918   6.43225689]
 [ -8.84558309  11.53366187]
 [ -9.06304769  11.31260534]
 [-13.10709251   7.2763383 ]
 [ -8.67677615  11.6533186 ]
 [ -3.39966899  13.38899153]
 [ -9.02448477  11.44679908]
 [-10.48529413   7.21656207]
 [ -9.89287997   6.91135459]
 [-11.77353492   8.66355543]
 [-11.72724492   8.57058509]
 [ -9.63720351   8.04163239]
 [  0.60455693   1.13085547]]",False
SBP_Error_STD,SBP_ED,,-2.2364880685892277,1.2737118121249519e-07,[-2.9929837  -1.47999244],True
SBP_Error_STD,SBP_ED,Calibration_Technique,[ 2.54300084 -2.45733395],[6.91672744e-02 2.87037672e-08],"[[-0.20519837  5.29120004]
 [-3.23832533 -1.67634257]]",False
SBP_Error_STD,SBP_ED,Algorithm,[ 1.8467961   3.28527804 -1.13827559  1.00038604  7.17816555 -2.28999026],"[1.01567025e-01 2.42080763e-01 5.36071922e-01 5.60153648e-01
 7.34879521e-02 4.52621381e-07]","[[-0.37430724  4.06789943]
 [-2.27412005  8.84467613]
 [-4.79425811  2.51770694]
 [-2.41267679  4.41344888]
 [-0.70276018 15.05909128]
 [-3.10326797 -1.47671256]]",False
SBP_Error_STD,SBP_ED,Dataset,"[ 7.68942435 10.32647127  1.46922278  2.25082901  6.26140966  2.22360515
  2.0047335   4.8138454   5.88852616 -2.39637634]","[1.36692390e-02 9.04710485e-03 4.64294854e-01 5.64019085e-01
 5.99474501e-03 5.70542433e-01 6.09222066e-01 2.13433105e-01
 2.34962925e-02 3.20989492e-09]","[[ 1.63643972 13.74240897]
 [ 2.67184748 17.98109505]
 [-2.5220561   5.46050166]
 [-5.51243444 10.01409247]
 [ 1.86694954 10.65586978]
 [-5.57631857 10.02352886]
 [-5.80076597  9.81023296]
 [-2.84458159 12.47227239]
 [ 0.8219532  10.95509911]
 [-3.08571829 -1.70703439]]",False
SBP_Error_STD,SBP_ED,Testing_Subject_Characteristics,[-4.44617266 -2.52078615 -4.32289843 -2.61380273],[4.77350264e-05 4.05662367e-02 1.51115194e-02 4.16304528e-10],"[[-6.48378136 -2.40856395]
 [-4.92996367 -0.11160863]
 [-7.78198648 -0.86381038]
 [-3.32401383 -1.90359163]]",True
SBP_Error_STD,SBP_ED,Sensor_Data,"[ 1.90787562 -0.61823362 -4.36535264  1.7944785  -0.43979516  2.35575064
 -2.01095527 -1.81659216 -4.68038808 -2.14908396 -2.34115721 -0.31271838
 -1.81872018  3.63091771  1.94702165 -1.3453287  -1.50536457 -3.41928132
 -7.79144698 -2.20268293 -2.36037608]","[6.53409328e-01 9.08748094e-01 4.27519154e-01 6.51768164e-01
 9.24523391e-01 5.55818521e-01 6.35800657e-01 7.39749443e-01
 3.92174066e-01 6.95597847e-01 6.69795665e-01 9.53488226e-01
 7.38687637e-01 4.20868922e-01 7.18687622e-01 7.73761617e-01
 7.35452914e-01 5.32072401e-01 1.62385914e-01 6.40678194e-01
 5.24914161e-07]","[[ -6.58168034  10.39743159]
 [-11.40626208  10.16979485]
 [-15.33358      6.60287473]
 [ -6.1501304    9.7390874 ]
 [ -9.72474993   8.84515961]
 [ -5.62872202  10.3402233 ]
 [-10.49435844   6.47244789]
 [-12.74852058   9.11533626]
 [-15.57893234   6.21815617]
 [-13.12647423   8.8283063 ]
 [-13.31201956   8.62970514]
 [-11.03650129  10.41106453]
 [-12.71725241   9.07981205]
 [ -5.36111876  12.62295418]
 [ -8.85702144  12.75106475]
 [-10.70233167   8.01167426]
 [-10.41149125   7.40076212]
 [-14.34228533   7.5037227 ]
 [-18.83213093   3.24923697]
 [-11.63114977   7.22578391]
 [ -3.18011652  -1.54063564]]",False
SBP_Error_STD,DBP_ED,,-2.0195931033211654,6.747433942108884e-05,[-2.96725851 -1.07192769],True
SBP_Error_STD,DBP_ED,Calibration_Technique,[ 1.79170619 -2.18063056],[2.43009037e-01 3.73916773e-05],"[[-1.24534932  4.8287617 ]
 [-3.16442095 -1.19684016]]",False
SBP_Error_STD,DBP_ED,Algorithm,[ 1.31575938  4.35118138 -1.49788676  1.55089511  8.26185815 -1.97483797],"[2.87493299e-01 1.59490110e-01 5.01890636e-01 4.10049093e-01
 6.07463704e-02 2.16959028e-04]","[[-1.13624383  3.7677626 ]
 [-1.75810663 10.46046939]
 [-5.93173872  2.93596521]
 [-2.1876956   5.28948581]
 [-0.3845155  16.90823179]
 [-2.97879441 -0.97088153]]",False
SBP_Error_STD,DBP_ED,Dataset,"[ 5.6910301   9.8713668   0.15788799 -1.76141613  4.49379086 -2.83688369
 -0.08935342  4.33796854  5.52630961 -2.1343811 ]","[1.04578157e-01 2.71364437e-02 9.44444041e-01 6.87291712e-01
 7.28088244e-02 5.17145597e-01 9.83879339e-01 3.23306460e-01
 6.00233184e-02 8.40770680e-06]","[[ -1.21843716  12.60049736]
 [  1.15572436  18.58700925]
 [ -4.35919575   4.67497173]
 [-10.47927226   6.95644   ]
 [ -0.42931878   9.4169005 ]
 [-11.55229266   5.87852529]
 [ -8.90589759   8.72719075]
 [ -4.38076449  13.05670157]
 [ -0.24099272  11.29361195]
 [ -3.00725712  -1.26150508]]",False
SBP_Error_STD,DBP_ED,Testing_Subject_Characteristics,[-3.37021784 -0.89658714 -1.07808355 -2.14214854],[5.87377699e-03 5.16916226e-01 6.31335790e-01 2.10258510e-05],"[[-5.7319224  -1.00851328]
 [-3.6455152   1.85234092]
 [-5.54590432  3.38973721]
 [-3.07301392 -1.21128316]]",False
SBP_Error_STD,DBP_ED,Sensor_Data,"[ -1.54343364  -3.47815804  -5.68541351  -0.40374388  -7.72946033
   0.77186924  -4.72578017  -4.82349693  -3.31696588  -3.55609261
  -6.04344859  -2.61679738   2.27437368  -0.76494016  -6.32161539
  -4.0320055   -5.63479093 -10.3890838   -4.18182459  -2.56712051]","[7.37648051e-01 5.42244124e-01 3.26958733e-01 9.24288035e-01
 1.29384244e-01 8.55129444e-01 3.02050586e-01 4.09898603e-01
 5.65978407e-01 5.38280490e-01 2.92145026e-01 6.46576543e-01
 6.32529130e-01 8.93361190e-01 2.16486391e-01 3.97700263e-01
 3.32276315e-01 8.27976450e-02 4.03451719e-01 2.78900315e-06]","[[-10.75817447   7.67130719]
 [-14.87609925   7.91978316]
 [-17.23164789   5.86082087]
 [ -8.90472761   8.09723985]
 [-17.8028804    2.34395973]
 [ -7.68638141   9.23011988]
 [-13.83643251   4.38487218]
 [-16.49358835   6.84659449]
 [-14.86039248   8.22646072]
 [-15.09550135   7.98331613]
 [-17.45516004   5.36826285]
 [-14.02403772   8.79044295]
 [ -7.23185697  11.78060432]
 [-12.18249889  10.65261857]
 [-16.4730703    3.82983951]
 [-13.53541504   5.47140403]
 [-17.20603711   5.93645525]
 [-22.18059951   1.40243192]
 [-14.16036219   5.79671301]
 [ -3.53710472  -1.5971363 ]]",False
DBP_Error_STD,SBP_ED,,-1.3489587652745028,4.538917380205684e-05,[-1.96611255 -0.73180498],True
DBP_Error_STD,SBP_ED,Calibration_Technique,[ 0.45743816 -1.38970734],[6.91664966e-01 7.03785178e-05],"[[-1.83533618  2.7502125 ]
 [-2.04365792 -0.73575676]]",False
DBP_Error_STD,SBP_ED,Algorithm,[-0.19049236 -0.82797928 -1.40959142 -0.88571953 11.71062147 -1.17685146],"[8.22576520e-01 6.97056193e-01 3.61831291e-01 4.98121525e-01
 2.37651364e-04 3.42161941e-04]","[[-1.88150225  1.50051753]
 [-5.05979039  3.40383183]
 [-4.47679715  1.65761431]
 [-3.48387973  1.71244068]
 [ 5.71122526 17.71001769]
 [-1.79738178 -0.55632114]]",False
DBP_Error_STD,SBP_ED,Dataset,"[11.65037308  3.36698912  1.83972473  3.97048454  3.27898205  2.68537932
  0.3058804   1.37359491  2.0431415  -1.3806392 ]","[2.65631697e-05 3.01255841e-01 2.79536762e-01 2.30188659e-01
 8.21622197e-02 4.17695461e-01 9.26296092e-01 6.72187169e-01
 3.42920605e-01 1.49510264e-05]","[[ 6.54075535 16.75999081]
 [-3.09463504  9.82861328]
 [-1.53396253  5.213412  ]
 [-2.58370612 10.5246752 ]
 [-0.43149265  6.98945675]
 [-3.90004503  9.27080368]
 [-6.28429425  6.89605504]
 [-5.09126998  7.8384598 ]
 [-2.23381648  6.32009949]
 [-1.96528207 -0.79599633]]",False
DBP_Error_STD,SBP_ED,Testing_Subject_Characteristics,[-1.90039505 -2.00473119 -2.4862664  -1.56647091],[4.13786671e-02 6.63967731e-02 1.11538850e-01 6.04854091e-06],"[[-3.7241733  -0.07661681]
 [-4.14913632  0.13967394]
 [-5.56444489  0.59191209]
 [-2.20075617 -0.93218566]]",False
DBP_Error_STD,SBP_ED,Sensor_Data,"[ 4.93358238  2.93032902 -1.05309782  2.14842784  3.22189332  1.6535787
  1.43541034 -1.63115522  1.82529698 -0.62378488 -0.63644652  3.38609873
 -0.98411935  1.39438076  2.78089374  2.01193971  2.35083795  0.868215
 -3.35701786  0.74839842 -1.53923673]","[2.00944444e-01 5.47199368e-01 8.31245174e-01 5.49063801e-01
 4.42422555e-01 6.46040577e-01 7.07390909e-01 7.40589010e-01
 7.10214767e-01 8.99619002e-01 8.97531738e-01 4.84350368e-01
 8.41137761e-01 7.30823432e-01 5.68323776e-01 6.33469476e-01
 5.58573967e-01 8.59948125e-01 5.00726739e-01 8.60132720e-01
 1.29865297e-04]","[[ -2.71845061  12.58561537]
 [ -6.79186408  12.65252212]
 [-10.93934733   8.8331517 ]
 [ -5.01300965   9.30986534]
 [ -5.14518832  11.58897495]
 [ -5.54302284   8.85018025]
 [ -6.21102144   9.08184211]
 [-11.4843597    8.22204927]
 [ -7.99751501  11.64810896]
 [-10.51837573   9.27080598]
 [-10.52509476   9.25220173]
 [ -6.27759727  13.04979472]
 [-10.80692038   8.83868169]
 [ -6.71094986   9.49971139]
 [ -6.9558805   12.51766798]
 [ -6.42074308  10.44462249]
 [ -5.67628476  10.37796067]
 [ -8.97686491  10.71329492]
 [-13.30922553   6.59518981]
 [ -7.74934835   9.24614519]
 [ -2.28178788  -0.79668559]]",False
DBP_Error_STD,DBP_ED,,-1.947630125242793,7.55260823361209e-08,[-2.59023819 -1.30502206],True
DBP_Error_STD,DBP_ED,Calibration_Technique,[ 0.63969458 -2.00512548],[5.40297019e-01 1.14786514e-07],"[[-1.43555414  2.71494331]
 [-2.67735876 -1.33289221]]",False
DBP_Error_STD,DBP_ED,Algorithm,[ 0.13399552 -0.09661696 -1.20981131 -0.87872855 11.19705597 -1.79084625],"[8.61973929e-01 9.59866727e-01 3.86747969e-01 4.55564671e-01
 1.09332176e-04 3.71926142e-07]","[[-1.40062116  1.6686122 ]
 [-3.92019077  3.72695686]
 [-3.98479266  1.56517003]
 [-3.218572    1.4611149 ]
 [ 5.78561558 16.60849636]
 [-2.41918486 -1.16250763]]",False
DBP_Error_STD,DBP_ED,Dataset,"[10.13596001  3.17636082  1.2144846   1.81350767  2.75493702 -0.17409945
  0.03011365  1.27648701  1.96085106 -1.83868795]","[6.21678832e-05 2.87193961e-01 4.31303723e-01 5.42163004e-01
 1.04519509e-01 9.53247592e-01 9.92001524e-01 6.67663230e-01
 3.20447541e-01 6.50742324e-08]","[[ 5.44247688 14.82944313]
 [-2.74402627  9.09674791]
 [-1.85389324  4.28286245]
 [-4.10838313  7.73539848]
 [-0.5892473   6.09912133]
 [-6.09432795  5.74612904]
 [-5.95881426  6.01904155]
 [-4.64599946  7.19897348]
 [-1.95677894  5.87848105]
 [-2.43161772 -1.24575817]]",False
DBP_Error_STD,DBP_ED,Testing_Subject_Characteristics,[-1.4083977  -1.33705432 -0.99847573 -2.0244223 ],[9.60711618e-02 1.73088362e-01 5.28938523e-01 5.63510835e-08],"[[-3.07427093  0.25747553]
 [-3.27606301  0.60195437]
 [-4.14993808  2.15298661]
 [-2.6810259  -1.3678187 ]]",False
DBP_Error_STD,DBP_ED,Sensor_Data,"[ 1.11444613 -0.09843176 -3.38339863 -0.59669539 -2.93585593 -0.4999373
 -1.75230837 -5.27713362 -2.84961915 -2.88545302 -1.5462591  -2.68967932
 -0.82905328 -0.19601919 -2.76443116 -0.63088689 -2.09185423 -6.92545558
 -1.77560554 -2.14586646]","[7.56423310e-01 9.82320265e-01 4.53458568e-01 8.57087825e-01
 4.55889988e-01 8.79462308e-01 6.22083805e-01 2.49283847e-01
 5.27323470e-01 5.22021213e-01 7.28240503e-01 5.45939692e-01
 8.22968712e-01 9.64861441e-01 4.85827739e-01 8.64757767e-01
 6.43109631e-01 1.36434492e-01 6.48319549e-01 7.45061137e-07]","[[ -6.07146198   8.30035423]
 [ -8.98685951   8.78999599]
 [-12.38746948   5.62067221]
 [ -7.22599609   6.03260532]
 [-10.7913857    4.91967384]
 [ -7.09591357   6.09603898]
 [ -8.85704542   5.35242867]
 [-14.37779159   3.82352435]
 [-11.85150041   6.15226211]
 [-11.88420104   6.11329501]
 [-10.44542527   7.35290706]
 [-11.58535879   6.20600015]
 [ -8.24227316   6.58416659]
 [ -9.09974523   8.70770684]
 [-10.68081464   5.15195232]
 [ -8.04190679   6.780133  ]
 [-11.11542997   6.9317215 ]
 [-16.12080355   2.26989239]
 [ -9.55714335   6.00593228]
 [ -2.9022868   -1.38944612]]",False
SBP_ED,DBP_ED,,0.9402823798714315,3.3058993957519857e-18,[0.78353687 1.09702789],True
SBP_ED,DBP_ED,Calibration_Technique,[0.324426   0.91112317],[2.00736766e-01 7.90813170e-17],"[[-0.17684267  0.82569467]
 [ 0.7487477   1.07349864]]",False
SBP_ED,DBP_ED,Algorithm,[ 0.15144491 -0.52732769 -0.17673961 -0.28162755 -0.47877612  0.89722619],"[4.72223675e-01 3.16054736e-01 6.42273452e-01 3.81109241e-01
 5.19086734e-01 3.02605362e-15]","[[-0.26720271  0.57009254]
 [-1.57040907  0.51575369]
 [-0.93376211  0.58028288]
 [-0.91994323  0.35668814]
 [-1.95503184  0.9974796 ]
 [ 0.7258137   1.06863868]]",False
SBP_ED,DBP_ED,Dataset,"[0.8561345  0.18553496 0.55628078 1.66483747 0.70737925 2.10829635
 0.8169178  0.18774981 0.14341933 0.9279264 ]","[1.80040062e-01 8.16453082e-01 1.82673454e-01 4.09152412e-02
 1.21036887e-01 1.04039487e-02 3.14407903e-01 8.14367361e-01
 7.86297771e-01 1.05866931e-16]","[[-0.40695819  2.11922719]
 [-1.40773755  1.77880747]
 [-0.26946963  1.3820312 ]
 [ 0.07116028  3.25851465]
 [-0.19259517  1.60735367]
 [ 0.51506652  3.70152618]
 [-0.79480016  2.42863575]
 [-1.40608768  1.78158729]
 [-0.91087866  1.19771731]
 [ 0.76835935  1.08749345]]",False
SBP_ED,DBP_ED,Testing_Subject_Characteristics,[-0.41372099 -0.57534796 -0.94909729  0.93109941],[3.48511849e-02 1.23269824e-02 1.11416019e-02 2.00920754e-18],"[[-0.79706128 -0.03038071]
 [-1.02154046 -0.12915546]
 [-1.67429202 -0.22390257]
 [ 0.78000591  1.08219291]]",True
SBP_ED,DBP_ED,Sensor_Data,"[1.24672744 1.05177652 0.35740159 0.76569509 2.89547852 0.51708947
 0.95546991 1.04242724 0.29364746 0.31461412 2.26369856 0.17531737
 0.39080624 0.9829583  1.89791502 0.88718309 0.73047263 0.84302586
 0.66906013 1.02277851]","[7.04661584e-02 2.13025671e-01 6.73883724e-01 2.23990189e-01
 2.75479930e-04 4.07185833e-01 1.57981021e-01 2.27793448e-01
 7.29382523e-01 7.10830008e-01 9.26986533e-03 8.34375622e-01
 5.76503288e-01 2.44808794e-01 1.38208314e-02 2.07823870e-01
 3.92173874e-01 3.33038276e-01 3.63675462e-01 6.96451726e-19]","[[-0.10830003  2.60175492]
 [-0.62429053  2.72784357]
 [-1.34047197  2.05527515]
 [-0.48437441  2.0157646 ]
 [ 1.41418228  4.37677476]
 [-0.72669614  1.76087507]
 [-0.38425135  2.29519117]
 [-0.67365949  2.75851398]
 [-1.40381321  1.99110814]
 [-1.38225573  2.01148397]
 [ 0.58560659  3.94179052]
 [-1.50211712  1.85275186]
 [-1.00708481  1.78869728]
 [-0.69599351  2.6619101 ]
 [ 0.40514375  3.39068628]
 [-0.51029311  2.2846593 ]
 [-0.97107891  2.43202418]
 [-0.89091631  2.57696804]
 [-0.79828364  2.13640391]
 [ 0.88014235  1.16541467]]",False
